timestep,particle_vel_avg_x_gt,particle_vel_avg_x_pred,particle_vel_avg_x_diff,particle_vel_avg_x_relerr,particle_vel_avg_y_gt,particle_vel_avg_y_pred,particle_vel_avg_y_diff,particle_vel_avg_y_relerr,particle_vel_avg_z_gt,particle_vel_avg_z_pred,particle_vel_avg_z_diff,particle_vel_avg_z_relerr,fluid_vel_avg_x_gt,fluid_vel_avg_x_pred,fluid_vel_avg_x_diff,fluid_vel_avg_x_relerr,fluid_vel_avg_y_gt,fluid_vel_avg_y_pred,fluid_vel_avg_y_diff,fluid_vel_avg_y_relerr,fluid_vel_avg_z_gt,fluid_vel_avg_z_pred,fluid_vel_avg_z_diff,fluid_vel_avg_z_relerr,Re_xx_gt,Re_xx_pred,Re_xx_diff,Re_xx_relerr,Re_yy_gt,Re_yy_pred,Re_yy_diff,Re_yy_relerr,Re_zz_gt,Re_zz_pred,Re_zz_diff,Re_zz_relerr,Re_xy_gt,Re_xy_pred,Re_xy_diff,Re_xy_relerr,Re_xz_gt,Re_xz_pred,Re_xz_diff,Re_xz_relerr,Re_yz_gt,Re_yz_pred,Re_yz_diff,Re_yz_relerr,particle_vol_frac_mean_gt,particle_vol_frac_mean_pred,particle_vol_frac_mean_diff,particle_vol_frac_mean_relerr,particle_vol_frac_std_gt,particle_vol_frac_std_pred,particle_vol_frac_std_diff,particle_vol_frac_std_relerr
0,-0.3330041,-0.3250381,0.007965982,0.023921574,-0.42997214,-0.41587016,0.014101982,0.032797433,-0.12609136,-0.12393155,0.0021598116,0.017128939,-0.0012661427,-0.0043285717,0.003062429,2.4186885,-0.00027091795,0.0028656381,0.0031365561,11.5770855,-0.42167616,-0.40865976,0.013016403,0.030868245,0.013011759,0.011793645,0.001218114,0.09361633,0.014386261,0.012199763,0.0021864977,0.15198502,0.01688751,0.017318211,0.0004307013,0.025504118,0.00065255695,0.00070610066,5.3543714e-05,0.08205091,-0.0012936974,-0.0013283876,3.4690253e-05,0.026814604,0.00093946815,0.0004883102,0.00045115798,0.4802219,0.07788848876953125,0.07918548583984375,0.0012969970703125,0.016651971610728553,0.01327075885743261,0.019173600477402304,0.005902841619969694,0.44480027369805836
1,-0.33212167,-0.32368523,0.008436441,0.02540166,-0.4324299,-0.4148407,0.017589211,0.04067529,-0.12657905,-0.119784065,0.0067949817,0.05368172,-0.0014287826,-0.004425937,0.0029971544,2.0976832,0.0007436648,0.0052160835,0.0044724187,6.013944,-0.42245376,-0.40592822,0.016525537,0.039117977,0.0138649,0.011953055,0.001911845,0.1378909,0.014541312,0.01180668,0.0027346322,0.18805939,0.016778031,0.017725559,0.0009475276,0.05647427,0.00064997125,0.0007955907,0.00014561944,0.22403638,-0.0011198778,-0.0011006589,1.9218889e-05,0.017161442,0.0005250691,2.8042508e-05,0.00049702654,0.9465746,0.0794219970703125,0.08040618896484375,0.00098419189453125,0.012391929275470746,0.016140589548295444,0.018361451597156693,0.002220862048861249,0.13759476791528397
2,-0.3322189,-0.3228351,0.009383798,0.028245829,-0.4319587,-0.41368648,0.018272221,0.04230085,-0.12828036,-0.117448,0.010832354,0.0844428,-0.0012298957,-0.005284905,0.004055009,3.297008,0.0005141285,0.0048520896,0.004337961,8.437339,-0.4262963,-0.4073464,0.018949896,0.044452406,0.0148808025,0.011990819,0.0028899834,0.19420871,0.014725955,0.01226021,0.0024657454,0.16744202,0.016545095,0.018078621,0.0015335269,0.09268766,0.0007791171,0.0007724662,6.6509238e-06,0.008536378,-0.00082916697,-0.001067441,0.00023827399,0.28736204,0.00013617982,-0.00038001945,0.0005161993,3.7902927,0.07929229736328125,0.0805816650390625,0.00128936767578125,0.01626094281597778,0.014131745661271292,0.013836003217212591,0.00029574244405870115,0.020927509019222326
3,-0.3342941,-0.32332444,0.010969669,0.032814424,-0.43240687,-0.41377905,0.018627822,0.043079387,-0.13194314,-0.11604528,0.015897855,0.120490186,-0.0005382689,-0.005142155,0.004603886,8.552976,0.00046175235,0.0047988864,0.004337134,9.392567,-0.43311733,-0.40972802,0.02338931,0.054002248,0.015934628,0.012355948,0.0035786796,0.22458495,0.015604441,0.012902125,0.0027023163,0.17317599,0.016115062,0.018327825,0.0022127628,0.13731015,0.00080058305,0.0007748019,2.5781163e-05,0.03220258,-0.00079483975,-0.0010081464,0.00021330669,0.268361,-0.0005131003,-0.0007853584,0.00027225813,0.5306035,0.07950592041015625,0.07860565185546875,0.0009002685546875,0.011323288087356284,0.014444857807208703,0.013260227896976033,0.00118462991023267,0.08201043623545527
4,-0.33383274,-0.32182884,0.012003899,0.035957824,-0.43347186,-0.41475275,0.018719107,0.043184135,-0.13374871,-0.11629205,0.017456658,0.13051832,-0.0006883861,-0.0048066694,0.0041182833,5.9824324,0.00039527347,0.0060829865,0.005687713,14.3889475,-0.4413791,-0.41411233,0.02726677,0.061776306,0.016212618,0.012773742,0.003438876,0.21211097,0.016421909,0.0135542005,0.002867708,0.17462686,0.015748022,0.018364018,0.0026159957,0.16611573,0.0007287185,0.00037812002,0.0003505985,0.4811099,-0.0006723711,-0.00089320587,0.00022083474,0.32843685,-0.00087435864,-0.0010280942,0.00015373557,0.17582466,0.07836151123046875,0.07611083984375,0.00225067138671875,0.02872163979690121,0.012956569704668297,0.016580343711003007,0.0036237740063347103,0.27968600424918105
5,-0.33261567,-0.32322627,0.0093894005,0.028228978,-0.4324104,-0.41299912,0.019411266,0.04489084,-0.13420682,-0.11651326,0.017693557,0.13183798,-0.0011096728,-0.0038084607,0.002698788,2.4320354,0.00054862525,0.0050095385,0.004460913,8.130927,-0.44913036,-0.4162128,0.03291756,0.07329177,0.016288329,0.012705348,0.0035829805,0.21997213,0.01696112,0.013864189,0.0030969307,0.18258989,0.015428643,0.018426992,0.0029983493,0.19433643,-0.0005968392,0.00018394963,0.00078078883,1.3081845,-0.000289095,-0.0008073061,0.00051821105,1.7924664,-0.00066935294,-0.0010758361,0.0004064832,0.60726875,0.078826904296875,0.0758056640625,0.003021240234375,0.038327521270165636,0.015070586172875008,0.018070942077356437,0.0030003559044814287,0.19908674282452443
6,-0.3321078,-0.32327378,0.008834034,0.026599899,-0.4299096,-0.41370285,0.016206741,0.037698023,-0.13333575,-0.113445334,0.01989042,0.14917542,-0.001722783,-0.004768846,0.0030460632,1.768096,-0.00043193536,0.0045067025,0.004938638,11.433477,-0.45490345,-0.4169118,0.037991643,0.08351584,0.017425904,0.012401133,0.005024771,0.28835052,0.016652072,0.013576162,0.0030759098,0.18471624,0.014984992,0.018551448,0.003566456,0.23800169,-0.0008513724,-4.1547548e-05,0.00080982485,0.95118815,6.936197e-05,-0.0006920851,0.00076144707,10.976293,-0.0004492923,-0.0009015467,0.00045225437,1.0065703,0.08118438720703125,0.07680511474609375,0.0043792724609375,0.053942292011724374,0.01912782634070919,0.020085515337123803,0.0009576889964146122,0.050067816315240626
7,-0.333922,-0.32296696,0.010955036,0.03280717,-0.4271841,-0.41369894,0.013485163,0.03156757,-0.13052495,-0.111398116,0.019126832,0.14653774,-0.00073074724,-0.0050314236,0.0043006763,5.8852324,-0.0016104713,0.0052796435,0.006890115,4.2782955,-0.4574332,-0.4162749,0.04115829,0.08997661,0.017352201,0.012330098,0.005022103,0.2894215,0.016058162,0.013078785,0.0029793773,0.18553652,0.014902076,0.018801438,0.003899362,0.26166552,0.00026172327,-0.00018795708,0.00044968034,1.7180862,0.0002985678,-0.00036245407,0.00066102186,2.2139015,-6.535186e-05,-0.0006997655,0.0006344137,9.706176,0.083343505859375,0.07717132568359375,0.00617218017578125,0.07405711304758887,0.0186749376394898,0.022134301535015104,0.0034593638955253032,0.18524088861219493
8,-0.33126828,-0.32291853,0.0083497465,0.02520539,-0.42744356,-0.4133531,0.014090478,0.032964535,-0.12382431,-0.10932841,0.014495902,0.11706829,-0.0019751727,-0.0049884906,0.003013318,1.5255895,-0.0016037856,0.0049210284,0.006524814,4.0683575,-0.45797154,-0.4148568,0.04311475,0.09414286,0.017174093,0.012313925,0.0048601683,0.28299403,0.015739314,0.012707564,0.0030317502,0.19262265,0.014877275,0.018835206,0.003957931,0.26603854,0.00083885336,0.00011026183,0.0007285915,0.8685461,0.0004164145,-0.00027594712,0.0006923616,1.6626341,-4.4441684e-05,-0.00039025216,0.00034581046,7.779468,0.08563232421875,0.07775115966796875,0.00788116455078125,0.09203491441268684,0.018002267343717963,0.02204750742696309,0.004045240083245128,0.22470713043740248
9,-0.3288692,-0.32346743,0.0054017603,0.016425256,-0.42669553,-0.4137978,0.01289773,0.03022701,-0.12126491,-0.106959514,0.014305398,0.11796815,-0.0030530407,-0.004957486,0.0019044452,0.62378436,-0.0021186508,0.005109354,0.0072280047,3.4115913,-0.4539423,-0.4132246,0.04071769,0.08969794,0.015922617,0.011852218,0.0040703993,0.2556362,0.016270394,0.012395958,0.003874435,0.2381278,0.014746577,0.018759198,0.004012622,0.27210513,0.00047466558,0.00042557475,4.9090828e-05,0.10341974,0.00011452741,-0.00037818708,0.00049271446,4.301778,0.00017589699,-0.00012467006,0.00030056704,1.7086703,0.0845794677734375,0.07811737060546875,0.00646209716796875,0.07640266100103772,0.023190864629590774,0.01868772340634219,0.004503141223248585,0.19417729150683813
10,-0.32964796,-0.32239386,0.007254094,0.022005579,-0.42743835,-0.41363204,0.013806313,0.03230013,-0.12168539,-0.109601304,0.012084089,0.09930599,-0.0024314092,-0.005035373,0.0026039637,1.0709646,-0.0013173537,0.005566131,0.0068834843,5.2251964,-0.44748774,-0.41212636,0.03536138,0.079022005,0.015037217,0.011904794,0.0031324234,0.20831123,0.01638444,0.011740104,0.0046443352,0.28345996,0.0146289505,0.01860936,0.0039804094,0.27209106,0.00010170671,0.00040671433,0.00030500762,2.998599,1.3866764e-05,-0.00042162774,0.0004354945,31.383001,0.00044020897,-6.5136865e-06,0.00044672267,1.0147737,0.084228515625,0.078125,0.006103515625,0.07246375951270843,0.025716886228051416,0.01752336236918071,0.008193523858870705,0.3186046942139694
11,-0.32861272,-0.3228284,0.005784303,0.017602189,-0.42799425,-0.41330928,0.014684975,0.03431115,-0.12345354,-0.11061917,0.01283437,0.103961125,-0.0030225185,-0.004935505,0.0019129864,0.6329093,-0.001205384,0.005920861,0.0071262447,5.911963,-0.439608,-0.41114601,0.028461993,0.064744025,0.015998961,0.012050969,0.003947993,0.24676542,0.015829328,0.011291634,0.004537694,0.28666356,0.014353571,0.018442055,0.0040884838,0.28484067,-0.00044806048,0.00053491123,0.0009829717,2.193788,-2.0416097e-05,-0.00061423046,0.00059381436,29.071356,0.00034103173,-9.278761e-06,0.0003503105,1.0271778,0.0828399658203125,0.0772857666015625,0.00555419921875,0.06704733027442654,0.02725289355645478,0.01546382477648803,0.011789068779966749,0.43258028472252597
12,-0.33062208,-0.32384676,0.0067753196,0.020492641,-0.42980495,-0.4128269,0.016978055,0.039501768,-0.12515575,-0.11139224,0.01376351,0.10997105,-0.0014733583,-0.005203144,0.0037297858,2.5314689,-0.00031300652,0.0058613033,0.0061743096,19.725187,-0.43321115,-0.4095411,0.023670048,0.054638594,0.01642139,0.011671422,0.0047499686,0.28925478,0.01520462,0.0111699775,0.004034642,0.26535615,0.014256454,0.01829429,0.0040378356,0.2832284,-0.001079455,0.00036097967,0.0014404347,1.3343968,-0.00030669395,-0.0006742873,0.00036759337,1.1985283,0.0002672618,4.0579092e-05,0.00022668272,0.8481355,0.08221435546875,0.075897216796875,0.006317138671875,0.0768374071350848,0.024466115773202655,0.012772508814938023,0.011693606958264631,0.4779509051274659
13,-0.3306743,-0.32403055,0.0066437423,0.0200915,-0.4299035,-0.4126612,0.017242312,0.040107403,-0.12786323,-0.114875995,0.012987234,0.101571284,-0.0015688122,-0.0044734646,0.0029046524,1.8514861,-0.00010646644,0.0052286712,0.0053351377,50.106277,-0.42864233,-0.41036195,0.018280387,0.04264718,0.015208028,0.011789092,0.0034189364,0.22481114,0.0143274395,0.010954789,0.0033726506,0.23539783,0.014545158,0.018120607,0.0035754498,0.24581702,-0.00049853796,5.0680617e-05,0.00054921856,1.1016363,-0.0006590258,-0.00057876075,8.026505e-05,0.12179163,0.00021486875,8.654664e-05,0.0001283221,0.5971838,0.081451416015625,0.07468414306640625,0.00676727294921875,0.08308354169171416,0.018509433169758976,0.014483201381491775,0.004026231788267201,0.21752311786695577
14,-0.3314959,-0.3244741,0.0070218146,0.021182206,-0.42994684,-0.41302344,0.016923398,0.039361604,-0.12605552,-0.116147324,0.009908199,0.07860186,-0.0017721255,-0.0041047726,0.002332647,1.3162916,-0.0004088878,0.0048606065,0.0052694944,12.887069,-0.42849207,-0.40999466,0.018497407,0.04316861,0.014527575,0.0115916915,0.0029358836,0.20209026,0.012529143,0.01047344,0.0020557027,0.16407356,0.0149190845,0.018349694,0.0034306096,0.22994757,-0.00034582827,0.00015270308,0.0004985314,1.4415159,-0.0009027008,-0.00066183775,0.00024086307,0.26682195,-2.2018354e-05,0.00019040063,0.00021241899,9.642981,0.08123016357421875,0.07230377197265625,0.0089263916015625,0.10989009636187216,0.015448254191649994,0.01618819990437723,0.0007399457127272354,0.047898307767625214
15,-0.33442467,-0.32322827,0.011196405,0.0334796,-0.42947856,-0.41394794,0.015530616,0.036161564,-0.12323606,-0.114695795,0.008540265,0.06930005,-0.00031918404,-0.0043560937,0.00403691,12.647197,-0.00066201575,0.004356693,0.0050187088,7.580836,-0.43233445,-0.41115788,0.021176577,0.04898193,0.013327913,0.011322685,0.0020052288,0.1504532,0.011814937,0.009965025,0.0018499121,0.15657388,0.015164406,0.018690016,0.00352561,0.2324923,-0.0006278476,0.00023601303,0.00086386065,1.3758862,-0.00084438315,-0.0007003004,0.00014408276,0.17063469,-0.0003328724,0.0001039759,0.00043684832,1.3123202,0.0833282470703125,0.07204437255859375,0.01128387451171875,0.1354147429508504,0.013330899377473851,0.01734954343886527,0.004018644061391418,0.3014531077813788
16,-0.33575836,-0.32418537,0.011572987,0.0344682,-0.42886016,-0.41437152,0.014488637,0.03378406,-0.121558875,-0.113122016,0.008436859,0.06940553,-8.3664534e-05,-0.003979963,0.0038962984,46.564926,-0.0010249196,0.004885986,0.0059109055,5.767133,-0.43874693,-0.4128111,0.025935829,0.059113413,0.011852732,0.011803992,4.8739836e-05,0.0041121147,0.011883238,0.010051352,0.0018318864,0.15415703,0.015413476,0.01902847,0.0036149938,0.23453446,-0.00014623175,0.00040530734,0.00055153907,3.7714202,-0.00074325554,-0.0007024429,4.081265e-05,0.05490992,-0.00061344367,7.072558e-05,0.00068416924,1.1152744,0.08602142333984375,0.071563720703125,0.01445770263671875,0.1680709338985424,0.01391281752060694,0.018247342698430126,0.0043345251778231855,0.3115488330034364
17,-0.33504742,-0.32497734,0.0100700855,0.030055702,-0.427978,-0.414467,0.013511002,0.031569384,-0.118613556,-0.11483154,0.003782019,0.031885214,-0.00037860524,-0.0035048048,0.0031261996,8.25693,-0.0012115582,0.004261865,0.005473423,4.517635,-0.44636294,-0.41506276,0.031300187,0.070122726,0.011424172,0.012444415,0.0010202434,0.089305595,0.011816458,0.010316903,0.0014995551,0.12690383,0.015562564,0.019121898,0.0035593342,0.22871114,0.0011097589,0.00042963674,0.0006801221,0.61285025,-0.0008116802,-0.0009836013,0.0001719211,0.2118063,-0.0005753996,0.000102206955,0.00067760656,1.1776073,0.08771514892578125,0.0711669921875,0.01654815673828125,0.18865788925131177,0.013297505020738202,0.01768714160353893,0.004389636582800728,0.33010954121539626
18,-0.33498228,-0.32424966,0.010732621,0.03203937,-0.42800936,-0.41468176,0.013327599,0.031138567,-0.118450224,-0.11058609,0.0078641325,0.06639187,-0.00037622784,-0.0029696876,0.0025934598,6.893139,-0.0009049156,0.0048200698,0.005724985,6.3264704,-0.4514796,-0.41651526,0.034964353,0.07744393,0.011966696,0.012142803,0.00017610658,0.014716378,0.012646603,0.0103515005,0.002295103,0.18147965,0.015672682,0.019249393,0.0035767108,0.22821294,0.0015844674,0.000259341,0.0013251264,0.83631766,-0.0009528598,-0.0010671209,0.000114261115,0.11991262,-0.0003231959,0.00019883695,0.00052203285,1.6151711,0.08808135986328125,0.07234954833984375,0.0157318115234375,0.17860543663042722,0.012152624478158527,0.017787964027504315,0.005635339549345787,0.46371340794244825
19,-0.33668935,-0.32384172,0.012847632,0.03815871,-0.427809,-0.4148321,0.012976915,0.030333431,-0.11841956,-0.11543891,0.0029806495,0.025170244,0.0006701424,-0.0035421099,0.0042122523,6.285514,-0.00075741403,0.005470135,0.0062275487,8.222011,-0.45438403,-0.41551355,0.038870484,0.08554544,0.0126242945,0.011482383,0.0011419114,0.09045341,0.013516204,0.010243968,0.0032722363,0.2420971,0.01568985,0.019401789,0.0037119389,0.23658204,0.0011312123,-1.1273972e-05,0.0011424863,1.0099573,-0.00097267504,-0.0008774181,9.525695e-05,0.09793196,2.3046005e-06,0.0002087985,0.0002064939,89.21363,0.08655548095703125,0.07054901123046875,0.0160064697265625,0.18492725937524396,0.010293698868562288,0.016430476373221155,0.006136777504658866,0.5961677742218858
20,-0.33502918,-0.3244247,0.010604471,0.03165238,-0.4270871,-0.4146951,0.012391984,0.029015122,-0.12265241,-0.11701041,0.0056420043,0.045999944,-0.00047281044,-0.002907689,0.0024348786,5.1496897,-0.0014211527,0.0047557536,0.006176906,4.346375,-0.45405737,-0.41374066,0.0403167,0.088792086,0.0135978805,0.011367498,0.0022303825,0.16402416,0.014702342,0.010301168,0.0044011744,0.2993517,0.015589192,0.019320223,0.003731032,0.23933437,0.000782018,-0.00010971358,0.0008917316,1.1402808,-0.00046127345,-0.00071432244,0.000253049,0.5485759,0.00012443039,0.00010476834,1.9662046e-05,0.15800373,0.081085205078125,0.0690155029296875,0.0120697021484375,0.14885207046449137,0.016401516140587647,0.01643381499505822,3.2298854470574206e-05,0.0019692590917284587
21,-0.33403182,-0.32416984,0.009861976,0.029524062,-0.42827296,-0.41492358,0.013349384,0.031170271,-0.12789556,-0.11923359,0.0086619705,0.067726895,-0.0007446148,-0.0038086385,0.0030640238,4.114856,-0.0009328203,0.004722205,0.005655025,6.0622225,-0.4502682,-0.41247305,0.037795156,0.08393921,0.014682318,0.010996126,0.0036861924,0.2510632,0.015342119,0.010667257,0.004674862,0.30470753,0.015422722,0.018998893,0.0035761707,0.2318766,0.0011899809,9.823561e-05,0.0010917453,0.91744006,0.00036398895,-0.0007006832,0.0010646721,2.9249318,-0.00025748607,0.000121487,0.00037897308,1.4717625,0.07392120361328125,0.0655975341796875,0.00832366943359375,0.11260190447006212,0.015166006287831652,0.01581463623647552,0.0006486299486438678,0.04276864381085306
22,-0.3327908,-0.32430354,0.008487254,0.025503272,-0.4290518,-0.41524243,0.013809353,0.03218575,-0.13014986,-0.11769555,0.012454309,0.09569205,-0.0017333508,-0.0038910196,0.0021576688,1.2447892,-0.0006666915,0.0049265497,0.005593241,8.389423,-0.44528973,-0.4119931,0.033296645,0.074775234,0.013649447,0.01050071,0.0031487364,0.23068583,0.015760638,0.011000681,0.004759957,0.30201533,0.015559889,0.018624747,0.0030648578,0.19697157,0.0015913341,-0.00015190186,0.001743236,1.0954487,0.00057559245,-0.0006555392,0.0012311316,2.1388574,-0.00032905268,0.000105967025,0.0004350197,1.3219965,0.070892333984375,0.06571197509765625,0.00518035888671875,0.07307360140130964,0.013589028985625959,0.01370081010954004,0.00011178112391408042,0.00822582995253151
23,-0.3342562,-0.32271928,0.011536926,0.03451522,-0.42992106,-0.4123133,0.017607749,0.04095577,-0.12828222,-0.12095229,0.007329926,0.057139058,-0.00061917736,-0.0040313643,0.003412187,5.5107503,-0.00047289266,0.00499316,0.0054660523,11.558515,-0.44051275,-0.41147727,0.029035479,0.06591292,0.012168745,0.010472831,0.0016959133,0.13936621,0.016780125,0.011101093,0.005679032,0.3384378,0.015804704,0.018312585,0.0025078803,0.15867926,0.00080027204,-0.00024316667,0.0010434387,1.3038386,0.0004934287,-0.00059865817,0.0010920869,2.2132168,-0.00019976846,4.1597013e-05,0.00024136547,1.2081656,0.0722503662109375,0.0656280517578125,0.006622314453125,0.09165785426211376,0.014113241613729921,0.013989363997823679,0.00012387761590624234,0.008777397250236038
24,-0.33365077,-0.32347077,0.0101799965,0.030510934,-0.4297663,-0.4138426,0.015923709,0.037052017,-0.12648289,-0.118982226,0.0075006634,0.059301797,-0.0010460902,-0.004020101,0.0029740108,2.8429503,-0.0011586554,0.006758295,0.007916951,6.8328185,-0.43650243,-0.40965486,0.026847571,0.061506122,0.012858826,0.010999429,0.0018593967,0.1446007,0.018195044,0.011200526,0.0069945185,0.38441867,0.015614827,0.018155644,0.0025408166,0.16271809,-0.00078858464,-0.00011709063,0.000671494,0.8515072,0.00028889754,-0.0006016853,0.00089058286,3.0825877,8.894768e-05,0.0001280307,3.9083025e-05,0.43934405,0.0750579833984375,0.0668792724609375,0.0081787109375,0.10896522231928277,0.01700844452901018,0.0140518701299518,0.00295657439905838,0.17382969122888556
25,-0.3336359,-0.32255328,0.011082619,0.033217706,-0.4304535,-0.4134564,0.016997099,0.03948649,-0.12776157,-0.11918037,0.008581206,0.06716578,-0.001133321,-0.0040911306,0.0029578097,2.6098375,-0.00025970727,0.0044269604,0.0046866676,18.045267,-0.43438956,-0.40943018,0.024959385,0.05745853,0.01431393,0.011223963,0.0030899663,0.21587113,0.019589318,0.011657308,0.00793201,0.4049149,0.015086507,0.01791359,0.0028270818,0.18739128,-0.0017637443,-0.00011279413,0.0016509502,0.9360432,0.00061565824,-0.0004158414,0.0010314996,1.6754147,0.0005589448,0.00015689405,0.0004020508,0.7192903,0.07437896728515625,0.06723785400390625,0.00714111328125,0.09600983425561495,0.01597805610509363,0.012820922272033885,0.003157133833059744,0.1975917368406233
26,-0.33281088,-0.32372022,0.009090662,0.027314799,-0.4301019,-0.41353726,0.016564637,0.038513284,-0.13065831,-0.12027478,0.010383531,0.07947087,-0.0007689324,-0.003585364,0.0028164317,3.6627343,-0.0003855047,0.006197573,0.006583078,17.076075,-0.43374935,-0.40913883,0.02461052,0.056739036,0.013952469,0.011263227,0.0026892424,0.19274297,0.021082854,0.011690782,0.0093920715,0.44548368,0.014723601,0.017907878,0.0031842776,0.21627015,-0.0023800188,-0.00032329984,0.002056719,0.8641572,0.00096233876,7.1215414e-05,0.0008911233,0.9259879,0.00093496346,0.00025875735,0.0006762061,0.72323555,0.0749664306640625,0.0680694580078125,0.00689697265625,0.09200080189423052,0.014080208317809168,0.01309818399357606,0.0009820243242331089,0.06974496432281942
27,-0.3317559,-0.3250918,0.0066640973,0.02008735,-0.43044785,-0.41302645,0.017421395,0.04047272,-0.13529523,-0.12168997,0.013605259,0.10055978,-0.0011579484,-0.0040207347,0.0028627864,2.4722705,-0.0005829712,0.0058676256,0.0064505967,11.064845,-0.43366846,-0.40888786,0.024780601,0.05714181,0.013530556,0.011341845,0.0021887114,0.16176052,0.021171523,0.011772273,0.00939925,0.443957,0.0146790305,0.018011447,0.0033324165,0.22701868,-0.0031720183,-0.0005620848,0.0026099335,0.8227964,0.0013077101,0.00046468675,0.0008430233,0.6446512,0.0009708767,0.00018908862,0.0007817881,0.805231,0.076751708984375,0.06744384765625,0.009307861328125,0.12127235000456317,0.013232352900589233,0.014274790857857366,0.001042437957268133,0.07877942625211054
28,-0.33472767,-0.32421267,0.010515004,0.03141361,-0.4325544,-0.41274533,0.019809067,0.045795552,-0.13475034,-0.12146669,0.013283648,0.09857969,0.00022835933,-0.003939367,0.0041677263,18.249939,0.0008668485,0.005917013,0.0050501646,5.8258233,-0.43568984,-0.41002223,0.025667608,0.058912568,0.013652444,0.011850352,0.0018020915,0.13199762,0.019094149,0.012070775,0.0070233736,0.3678284,0.014786324,0.017939508,0.0031531835,0.21324983,-0.0028664332,-0.0008005696,0.0020658637,0.7207063,0.0016312846,0.0004760844,0.0011552002,0.7081493,0.001095733,3.533828e-05,0.0010603948,0.9677404,0.07918548583984375,0.06664276123046875,0.012542724609375,0.15839674269064666,0.018076312403593767,0.014681332132032399,0.0033949802715613677,0.18781366008864772
29,-0.3338391,-0.32395834,0.009880751,0.029597348,-0.42987785,-0.41262326,0.017254591,0.040138356,-0.13351093,-0.12415966,0.009351276,0.07004127,-0.00043011399,-0.0034353412,0.003005227,6.9868855,-0.00020688682,0.005911962,0.006118849,29.574398,-0.43849006,-0.4120602,0.026429862,0.060274713,0.013480573,0.0127394125,0.0007411605,0.054979853,0.017437972,0.011837855,0.005600117,0.32114482,0.015069125,0.017781507,0.002712382,0.17999586,-0.0021708226,-0.00067474134,0.0014960812,0.68917394,0.0017194215,0.0003757609,0.0013436605,0.7814563,0.0011743123,-7.754254e-06,0.0011820666,1.0065947,0.07913970947265625,0.06635284423828125,0.012786865234375,0.1615732949216862,0.025475697635705973,0.015169321987505166,0.010306375648200807,0.4045569919225995
30,-0.33311552,-0.32399362,0.009121895,0.027383579,-0.42731017,-0.4130276,0.014282554,0.033424325,-0.13200624,-0.12015741,0.01184883,0.0897596,-0.00048380968,-0.0030810975,0.0025972878,5.368297,-0.001306196,0.0060807746,0.0073869703,5.6552873,-0.44232503,-0.41412535,0.028199673,0.063753285,0.0134733105,0.013318989,0.00015432108,0.011453827,0.016525881,0.012016498,0.004509384,0.27286783,0.0152301015,0.017724924,0.0024948223,0.16380854,-0.0015540347,-0.0002181319,0.0013359027,0.8596296,0.0014069746,0.00034611477,0.0010608599,0.75399536,0.0012338978,0.0002957011,0.00093819667,0.7603459,0.07990264892578125,0.06818389892578125,0.01171875,0.1466628289664945,0.02808371629108815,0.016512659040123907,0.011571057250964245,0.41202001226725044
31,-0.33258596,-0.32357565,0.009010315,0.027091688,-0.4256829,-0.41332135,0.012361556,0.029039353,-0.12865426,-0.118513845,0.010140412,0.07881908,-0.00028027626,-0.0036143232,0.003334047,11.895149,-0.0022492383,0.004455408,0.006704646,2.9808385,-0.44566342,-0.41485253,0.030810893,0.06913489,0.013318375,0.012853579,0.0004647961,0.034898832,0.016740533,0.012197501,0.0045430316,0.271379,0.015281656,0.017936464,0.0026548086,0.17372507,-0.0013086827,0.00016774835,0.001476431,1.1281724,0.0014087089,0.0003333297,0.0010753792,0.7633739,0.0011164026,0.00043466437,0.0006817382,0.6106508,0.08202362060546875,0.070220947265625,0.01180267333984375,0.1438935737508897,0.02403281923217647,0.0175265243590393,0.0065062948731371695,0.2707252987270506
32,-0.33214867,-0.3243599,0.0077887774,0.023449672,-0.4264168,-0.4138322,0.012584627,0.0295125,-0.12564196,-0.11878322,0.0068587363,0.054589532,0.00010288467,-0.0014572145,0.0015600992,15.1621,-0.0019705954,0.004938357,0.0069089523,3.5060048,-0.44852483,-0.4141625,0.034362346,0.076611914,0.013386611,0.012023909,0.0013627019,0.10179581,0.017429404,0.01167449,0.005754914,0.33018404,0.015270421,0.018210191,0.00293977,0.19251388,-0.00082334067,-7.32556e-05,0.00075008505,0.9110153,0.0012871729,0.00033108168,0.0009560912,0.74277806,0.0009950919,0.000519029,0.00047606288,0.47840616,0.08380889892578125,0.07256317138671875,0.0112457275390625,0.1341829607759408,0.01889663956206322,0.01584450019180984,0.003052139370253379,0.16151748807263866
33,-0.33201724,-0.32392946,0.008087784,0.02435953,-0.42854074,-0.41360053,0.014940202,0.03486297,-0.12484397,-0.11614617,0.0086978,0.069669366,0.00019751,-0.0011335664,0.0013310764,6.738945,-0.0009496286,0.005508395,0.0064580236,6.8005066,-0.44903743,-0.41414842,0.034889013,0.07769734,0.014707292,0.011899413,0.0028078798,0.19091739,0.017579118,0.011099544,0.0064795734,0.3685947,0.015181641,0.018424362,0.0032427208,0.21359473,-0.000334773,-0.00049985445,0.00016508144,0.49309978,0.000982248,0.00011561293,0.00086663506,0.88228863,0.00068753585,0.00065296376,3.457209e-05,0.050283324,0.08229827880859375,0.07175445556640625,0.0105438232421875,0.12811716251731461,0.019077256402305037,0.01634555891784494,0.0027316974844600987,0.1431912427521606
34,-0.33298433,-0.32355046,0.009433866,0.02833126,-0.42683122,-0.41298655,0.013844669,0.032435935,-0.12604688,-0.11744421,0.008602671,0.06824977,0.000794723,-0.0023390993,0.0031338222,3.943239,-0.0016684813,0.0045535034,0.0062219845,3.729108,-0.44878563,-0.41444567,0.034339964,0.07651752,0.015249877,0.012505999,0.0027438784,0.17992778,0.017220462,0.0109729525,0.0062475093,0.3627955,0.015037827,0.018462352,0.0034245253,0.22772725,-0.00082228146,-0.00052557583,0.00029670564,0.3608278,0.0007478528,-0.00013109407,0.00087894686,1.1752782,0.0008966216,0.0006677032,0.00022891839,0.25530928,0.08046722412109375,0.0717315673828125,0.00873565673828125,0.10856166281464467,0.023101089799006574,0.019136583865053007,0.003964505933953567,0.17161546283281517
35,-0.33344892,-0.3244965,0.008952409,0.026847918,-0.42413008,-0.4140889,0.010041177,0.023674758,-0.12574063,-0.120409116,0.0053315163,0.042400897,0.0012136339,-0.002024808,0.003238442,2.6683624,-0.0026322778,0.0038989955,0.006531273,2.4812155,-0.44831216,-0.41296726,0.0353449,0.07883993,0.014670968,0.012991797,0.0016791709,0.114455275,0.017691316,0.010619245,0.0070720715,0.39974797,0.0148944,0.0184653,0.0035708994,0.23974761,-0.0012190349,-0.0007530485,0.00046598638,0.38225532,0.00068574306,-0.0004127305,0.0010984736,1.60185,0.00094822876,0.0006750721,0.00027315668,0.2880674,0.0792999267578125,0.07077789306640625,0.00852203369140625,0.10746583212838028,0.025308729107214087,0.017394897393584196,0.007913831713629891,0.31269166275352317
36,-0.33274412,-0.3241512,0.008592933,0.025824448,-0.42412096,-0.41402006,0.010100901,0.023816086,-0.1268377,-0.121184796,0.0056529045,0.04456801,0.0008942957,-0.0021233812,0.003017677,3.3743238,-0.0028258967,0.0039211535,0.00674705,2.3875701,-0.44655588,-0.41209158,0.0344643,0.077178024,0.015092328,0.012920358,0.00217197,0.14391209,0.018097714,0.010717726,0.0073799873,0.40778542,0.014583888,0.018232672,0.003648783,0.25019258,-0.00051081314,-0.00055869267,4.7879526e-05,0.093730144,0.0007105176,-0.0008977713,0.0016082888,2.2635136,0.0008710957,0.000633101,0.00023799471,0.2732099,0.080841064453125,0.07068634033203125,0.01015472412109375,0.12561342349527876,0.0225961801414446,0.01768550756682857,0.00491067257461603,0.217323032948336
37,-0.33246964,-0.3244921,0.007977545,0.023994809,-0.42635897,-0.41303515,0.013323814,0.031250224,-0.12866223,-0.12234888,0.0063133463,0.049069144,0.0008548499,-0.0025409125,0.0033957623,3.9723027,-0.0014688724,0.0050709494,0.0065398216,4.452243,-0.44400945,-0.41235796,0.031651497,0.071285635,0.015497654,0.012549705,0.0029479489,0.19021891,0.01739788,0.010992482,0.0064053982,0.36817098,0.014250107,0.01799675,0.0037466437,0.2629202,-0.00021542996,-0.00023005469,1.4624733e-05,0.067883104,0.0007593564,-0.0015031234,0.0022624799,2.979431,0.00085419475,0.0007319257,0.00012226903,0.14313786,0.0785064697265625,0.07161712646484375,0.00688934326171875,0.08775509086274513,0.019221417302059535,0.016353903933040044,0.0028675133690194907,0.14918316543081286
38,-0.33324558,-0.32488778,0.008357793,0.025079982,-0.42679492,-0.41186583,0.014929086,0.03497953,-0.1328713,-0.12252156,0.010349743,0.07789298,0.000984112,-0.0028585377,0.0038426497,3.9046476,-0.001478165,0.0058395304,0.0073176953,4.950493,-0.44162527,-0.41234395,0.029281318,0.06630354,0.015141317,0.012463457,0.0026778597,0.17685767,0.015934149,0.011026978,0.0049071712,0.30796552,0.014183858,0.017884474,0.0037006158,0.26090315,-0.00031897446,-0.00024053127,7.844319e-05,0.24591538,0.0006453427,-0.0020124153,0.002657758,4.1183033,0.0008527361,0.00075354823,9.918789e-05,0.11631585,0.0771026611328125,0.0717926025390625,0.00531005859375,0.06886996929851118,0.022436662700498988,0.013437709571069106,0.008998953129429882,0.40108233736590304
39,-0.33330527,-0.32490873,0.008396536,0.02519173,-0.4267391,-0.41285285,0.013886243,0.03254036,-0.1284846,-0.12279679,0.005687818,0.044268474,0.0008566419,-0.002288083,0.003144725,3.6709483,-0.0018256748,0.0051671052,0.00699278,3.830223,-0.4400827,-0.4119273,0.028155386,0.06397749,0.014610118,0.012722679,0.0018874388,0.12918702,0.014118396,0.010745775,0.0033726208,0.23888113,0.014337831,0.017721394,0.003383563,0.2359883,4.3715514e-05,-0.0001048345,0.00014855001,3.3973303,0.00050405,-0.0021316833,0.0026357332,5.229007,0.0008208705,0.0007029593,0.0001179112,0.1436399,0.07662200927734375,0.0704345703125,0.00618743896484375,0.08075275257948344,0.022660374214660873,0.011173935280072527,0.011486438934588346,0.5068951534880339
40,-0.3337585,-0.3257171,0.008041412,0.024093503,-0.42825016,-0.41309783,0.015152335,0.035381973,-0.1272034,-0.12129504,0.0059083626,0.04644814,0.00095457793,-0.0031871125,0.00414169,4.3387203,-0.0012801525,0.0057920385,0.0070721908,5.524448,-0.43906268,-0.41145542,0.027607262,0.06287772,0.014416791,0.013064299,0.0013524918,0.09381358,0.01402265,0.010575913,0.0034467373,0.24579768,0.014412876,0.017683802,0.003270926,0.22694455,0.0003268812,-3.1727075e-05,0.0003586083,1.0970263,0.00033328147,-0.0022354142,0.0025686957,7.7070546,0.0006678978,0.000597891,7.000682e-05,0.10481509,0.07906341552734375,0.0696258544921875,0.00943756103515625,0.11936696357650618,0.02434297583667235,0.015965732632321074,0.008377243204351275,0.34413375830548615
41,-0.3344337,-0.32512304,0.009310663,0.027840085,-0.4294991,-0.41395485,0.015544236,0.036191545,-0.1261727,-0.121449985,0.004722722,0.03743061,0.0017799701,-0.0025169437,0.0042969137,2.4140234,-0.00023790282,0.005270295,0.0055081975,23.152168,-0.4395963,-0.41111228,0.028484017,0.06479585,0.015764657,0.013590523,0.0021741344,0.13791186,0.01477357,0.010346408,0.004427162,0.2996675,0.014234784,0.01767102,0.0034362366,0.241397,1.4802768e-06,-4.1420462e-05,4.2900738e-05,28.787094,0.00014504913,-0.0024016488,0.0025466979,17.556274,0.00073608663,0.00043213184,0.0003039548,0.41292784,0.07967376708984375,0.07112884521484375,0.008544921875,0.10724886138339294,0.02646914720736878,0.020205781294311782,0.006263365913056998,0.2366288380089915
42,-0.33498502,-0.32598966,0.008995354,0.026853004,-0.4308045,-0.41315007,0.017654419,0.04098012,-0.12761015,-0.120455585,0.0071545616,0.056065768,0.0026755696,-0.0034204489,0.0060960185,2.2783918,0.00019894927,0.005360041,0.0051610917,25.940443,-0.4405459,-0.41099772,0.029548168,0.06707171,0.017663984,0.0140315825,0.003632401,0.20563874,0.014851538,0.009713869,0.00513767,0.34593496,0.013996239,0.017891603,0.0038953638,0.27831483,-0.00074573484,-1.08562945e-05,0.00073487853,0.9854289,0.00017429123,-0.0025868916,0.0027611828,15.841442,0.00076934433,0.00038272934,0.000386615,0.5025188,0.07894134521484375,0.07137298583984375,0.007568359375,0.09587318781647776,0.02774268478332177,0.018550280938658324,0.009192403844663445,0.33134502312982567
43,-0.33362046,-0.3261808,0.007439673,0.02229981,-0.43137625,-0.41340673,0.017969519,0.041656256,-0.1268385,-0.11916499,0.007673517,0.060498316,0.0017602028,-0.0030527124,0.0048129153,2.7342803,0.0003678532,0.004811702,0.0044438485,12.080165,-0.44336945,-0.4118765,0.03149295,0.07103094,0.016745066,0.014308287,0.0024367794,0.14552215,0.014556928,0.009750599,0.0048063286,0.33017442,0.014090623,0.017876389,0.0037857657,0.2686725,-0.00095566077,-0.00042741757,0.0005282432,0.552746,0.00028664686,-0.0027971563,0.0030838032,10.757821,0.0009124189,0.00044576754,0.00046665134,0.5114386,0.0780029296875,0.0729827880859375,0.0050201416015625,0.06435836420620157,0.030194333000137314,0.017460529047393796,0.012733803952743518,0.42172813472661447
44,-0.33301207,-0.32587916,0.0071329176,0.021419397,-0.42851898,-0.4124653,0.016053677,0.037463162,-0.12737219,-0.12066249,0.0067097023,0.052677915,0.001443121,-0.0028831395,0.0043262606,2.9978294,-0.000513868,0.003836219,0.004350087,8.465214,-0.4444291,-0.41167825,0.032750845,0.07369194,0.015267289,0.0145641565,0.0007031327,0.046054818,0.014106809,0.009825538,0.0042812712,0.30348948,0.014416287,0.017691432,0.0032751448,0.2271835,-0.0004167125,-0.000292822,0.0001238905,0.29729736,0.0004757394,-0.002794202,0.0032699413,6.8732433,0.0009906313,0.0005040207,0.00048661057,0.49120763,0.07765960693359375,0.0737457275390625,0.00391387939453125,0.05039787149449867,0.030136775721633965,0.017183747477970034,0.012953028243663931,0.42980788871473713
45,-0.33460313,-0.325133,0.009470135,0.02830259,-0.42519343,-0.41123295,0.013960481,0.03283325,-0.1242133,-0.11883304,0.005380258,0.043314666,0.001785129,-0.0025373928,0.004322522,2.4213924,-0.0015747125,0.0043892385,0.005963951,3.7873027,-0.44328243,-0.4131059,0.03017652,0.06807516,0.014676513,0.013894254,0.0007822588,0.05330001,0.014682271,0.009514089,0.005168182,0.35200128,0.01452636,0.017642137,0.003115777,0.21449108,-0.00027370083,0.00027275548,0.0005464563,1.9964731,0.0006366194,-0.00271923,0.0033558495,5.2712765,0.0011503322,0.0005975464,0.00055278576,0.48054028,0.07981109619140625,0.07451629638671875,0.0052947998046875,0.06634164162553136,0.03151086522126601,0.016763040306814747,0.014747824914451264,0.46802333514679
46,-0.33419195,-0.3259069,0.008285046,0.024791278,-0.42234042,-0.4133599,0.008980513,0.021263683,-0.11966737,-0.120050445,0.0003830716,0.0032011364,0.0018581789,-0.003034685,0.004892864,2.6331358,-0.0026723533,0.004733095,0.0074054482,2.7711234,-0.44394827,-0.41244808,0.03150019,0.07095464,0.015090568,0.013079811,0.002010757,0.13324586,0.014449576,0.00942194,0.005027636,0.34794325,0.014508255,0.017803118,0.0032948628,0.22710247,-0.00029027386,0.0004901903,0.00078046415,2.688624,0.00070364843,-0.0028071997,0.0035108482,4.989421,0.0013978382,0.0006037838,0.0007940544,0.5680548,0.08187103271484375,0.07480621337890625,0.0070648193359375,0.08629204052700556,0.02925329841855111,0.015554909783441493,0.013698388635109618,0.46826801396667755
47,-0.33379757,-0.32600904,0.007788539,0.023333121,-0.42465433,-0.41313982,0.011514515,0.027115028,-0.1200751,-0.12238122,0.0023061186,0.019205634,0.0016861173,-0.0029496772,0.0046357946,2.7493742,-0.0019789964,0.005042462,0.007021459,3.5479717,-0.4437344,-0.41302726,0.03070715,0.06920164,0.015763333,0.01312881,0.0026345234,0.16712976,0.014123747,0.009501269,0.004622478,0.3272839,0.014467592,0.017849088,0.0033814954,0.2337288,0.00036006942,9.6856355e-05,0.00026321306,0.7309861,0.00025912852,-0.002998594,0.0032577226,12.571356,0.0011784239,0.00044475807,0.0007336658,0.62257695,0.08270263671875,0.074462890625,0.00823974609375,0.09963098426306978,0.025618993357544622,0.016497115143091944,0.009121878214452678,0.3560590584709981
